"category_name","category_type","transaction_count","total_spent","avg_per_transaction","pct_of_total"
"Rent","Essential","2","3493.98","1746.99","51.21"
"Groceries","Essential","10","1052.34","105.23","15.42"
"Shopping","Discretionary","4","973.70","243.43","14.27"
"Entertainment","Discretionary","5","333.17","66.63","4.88"
"Restaurants","Discretionary","7","312.16","44.59","4.58"
"Healthcare","Essential","1","309.39","309.39","4.53"
"Gas","Essential","3","153.45","51.15","2.25"
"Subscriptions","Discretionary","6","112.07","18.68","1.64"
"Transportation","Essential","4","82.09","20.52","1.20"
