transaction_id,date,time,merchant,category,amount,payment_method,status
TXN000018,2023-01-01,04:20,Netflix,Entertainment,97.8,Cash,Posted
TXN000003,2023-01-02,19:31,Lyft,Transportation,39.26,Cash,Pending
TXN000227,2023-01-03,18:19,Trader Joes,Groceries,125.91,Digital Wallet,Posted
TXN000548,2023-01-03,12:23,Chipotle,Restaurants,40.12,Cash,Posted
TXN000234,2023-01-04,09:32,Walmart,Groceries,128.94,Cash,Posted
TXN000323,2023-01-04,02:00,Walmart,Groceries,124.93,Digital Wallet,Posted
TXN000451,2023-01-04,04:13,Walmart,Groceries,32.7,Debit Card,Posted
TXN000432,2023-01-05,19:13,Subway,Restaurants,71.99,Credit Card,Posted
TXN000004,2023-01-06,18:55,McDonalds,Restaurants,22.74,Debit Card,Posted
TXN000546,2023-01-06,03:51,Adobe,Subscriptions,27.68,Credit Card,Posted
TXN000294,2023-01-08,00:07,Amazon,Shopping,183.06,Cash,Posted
TXN000603,2023-01-08,20:34,McDonalds,Restaurants,24.51,Debit Card,Posted
TXN000537,2023-01-09,07:16,Property Management,Rent,1674.95,Debit Card,Posted
TXN000019,2023-01-11,03:11,Subway,Restaurants,65.37,Cash,Posted
TXN000296,2023-01-11,19:25,Netflix,Subscriptions,21.2,Debit Card,Posted
TXN000671,2023-01-12,21:02,Dentist Office,Healthcare,309.39,Credit Card,Posted
TXN000104,2023-01-13,22:40,Amazon Prime,Entertainment,30.25,Credit Card,Posted
TXN000390,2023-01-13,12:30,Chipotle,Restaurants,49.88,Credit Card,Posted
TXN000347,2023-01-14,22:39,Microsoft 365,Subscriptions,20.7,Cash,Posted
TXN000475,2023-01-14,09:46,Property Management,Rent,1819.03,Digital Wallet,Posted
TXN000142,2023-01-16,05:02,Uber,Transportation,18.44,Cash,Posted
TXN000578,2023-01-16,18:34,Nike,Shopping,237.68,Credit Card,Posted
TXN000091,2023-01-18,16:26,Spotify,Entertainment,77.45,Digital Wallet,Posted
TXN000196,2023-01-18,14:29,Marathon,Gas,37.24,Cash,Posted
TXN000678,2023-01-18,14:13,Whole Foods,Groceries,140.2,Cash,Posted
TXN000826,2023-01-19,17:05,Costco,Groceries,64.0,Digital Wallet,Posted
TXN000461,2023-01-20,22:21,Amazon Prime,Entertainment,87.64,Cash,Posted
TXN000639,2023-01-20,15:45,Chevron,Gas,69.0,Cash,Posted
TXN000158,2023-01-21,07:37,Trader Joes,Groceries,134.23,Cash,Posted
TXN000277,2023-01-21,23:00,Exxon,Gas,47.21,Digital Wallet,Posted
TXN000892,2023-01-22,23:32,Microsoft 365,Subscriptions,27.93,Debit Card,Posted
TXN000662,2023-01-23,02:41,Best Buy,Shopping,286.83,Digital Wallet,Posted
TXN000959,2023-01-23,18:06,Adobe,Subscriptions,8.83,Cash,Posted
TXN000139,2023-01-24,20:55,Public Transit,Transportation,8.89,Cash,Pending
TXN000542,2023-01-24,04:45,Spotify,Entertainment,40.03,Cash,Posted
TXN000020,2023-01-26,20:52,Trader Joes,Groceries,47.26,Digital Wallet,Posted
TXN000187,2023-01-26,20:27,Parking,Transportation,15.5,Digital Wallet,Posted
TXN000893,2023-01-26,04:09,Walmart,Groceries,109.55,Debit Card,Posted
TXN000660,2023-01-29,23:58,McDonalds,Restaurants,37.55,Credit Card,Posted
TXN000695,2023-01-29,08:13,Costco,Groceries,144.62,Credit Card,Posted
TXN000480,2023-01-30,07:22,Gym Membership,Subscriptions,5.73,Digital Wallet,Posted
TXN000920,2023-01-30,17:51,Macys,Shopping,266.13,Debit Card,Posted
TXN000006,2023-02-02,22:05,Walmart,Groceries,34.76,Digital Wallet,Posted
TXN000763,2023-02-02,14:18,Spotify,Subscriptions,15.54,Debit Card,Posted
TXN000201,2023-02-03,01:16,Medical Center,Healthcare,166.6,Debit Card,Posted
TXN000769,2023-02-04,03:43,Chevron,Gas,47.22,Debit Card,Posted
TXN000010,2023-02-07,12:13,Property Management,Rent,1543.42,Cash,Posted
TXN000069,2023-02-07,04:09,Property Management,Rent,986.19,Digital Wallet,Posted
TXN000900,2023-02-07,22:59,Spotify,Entertainment,76.38,Credit Card,Posted
TXN000194,2023-02-08,07:15,Trader Joes,Groceries,117.49,Credit Card,Posted
TXN000881,2023-02-08,01:12,CVS Pharmacy,Healthcare,180.85,Cash,Posted
TXN000222,2023-02-09,13:26,Marathon,Gas,60.24,Credit Card,Posted
TXN000794,2023-02-09,01:29,Panera,Restaurants,35.77,Debit Card,Posted
TXN000821,2023-02-09,12:51,Nike,Shopping,184.07,Credit Card,Posted
TXN000612,2023-02-10,19:25,Target,Shopping,179.57,Credit Card,Posted
TXN000436,2023-02-11,21:00,Parking,Transportation,25.27,Credit Card,Posted
TXN000799,2023-02-11,00:20,Target,Shopping,180.06,Cash,Posted
TXN000877,2023-02-11,09:42,Shell,Gas,45.32,Digital Wallet,Posted
TXN000520,2023-02-13,16:20,Target,Shopping,43.56,Cash,Posted
TXN000593,2023-02-13,00:51,Kroger,Groceries,44.7,Debit Card,Posted
TXN000064,2023-02-14,16:41,Amazon Prime,Entertainment,85.33,Cash,Pending
TXN000597,2023-02-15,18:10,Gas Company,Utilities,177.23,Cash,Posted
TXN000616,2023-02-16,07:07,Netflix,Subscriptions,6.79,Credit Card,Posted
TXN000796,2023-02-16,09:39,CVS Pharmacy,Healthcare,74.05,Digital Wallet,Posted
TXN000965,2023-02-16,10:47,Netflix,Subscriptions,8.01,Digital Wallet,Posted
TXN000351,2023-02-17,19:03,Best Buy,Shopping,118.2,Cash,Posted
TXN000986,2023-02-18,04:52,Parking,Transportation,12.53,Digital Wallet,Posted
TXN000640,2023-02-19,16:43,Chipotle,Restaurants,61.81,Debit Card,Posted
TXN000681,2023-02-19,19:08,Walmart,Groceries,110.39,Debit Card,Posted
TXN000176,2023-02-20,22:01,Water Dept,Utilities,154.17,Cash,Posted
TXN000193,2023-02-20,00:59,Chevron,Gas,55.05,Digital Wallet,Posted
TXN000414,2023-02-20,16:41,Spotify,Entertainment,49.0,Debit Card,Posted
TXN000569,2023-02-20,23:13,Subway,Restaurants,60.81,Credit Card,Posted
TXN000274,2023-02-21,20:56,McDonalds,Restaurants,15.23,Debit Card,Posted
TXN000468,2023-02-22,11:53,Property Management,Rent,1679.31,Credit Card,Posted
TXN000921,2023-02-22,00:29,McDonalds,Restaurants,24.2,Cash,Posted
TXN000062,2023-02-24,06:03,Trader Joes,Groceries,75.46,Digital Wallet,Posted
TXN000906,2023-02-26,10:31,Whole Foods,Groceries,113.04,Credit Card,Posted
TXN000047,2023-02-28,22:42,Target,Shopping,247.08,Cash,Posted
TXN000444,2023-03-02,14:39,Medical Center,Healthcare,421.38,Credit Card,Posted
TXN000551,2023-03-02,08:42,Walgreens,Healthcare,131.13,Digital Wallet,Posted
TXN000146,2023-03-04,14:23,Gym Membership,Subscriptions,15.24,Credit Card,Posted
TXN000030,2023-03-07,16:36,Subway,Restaurants,32.12,Credit Card,Posted
TXN000265,2023-03-07,13:28,Landlord,Rent,1207.71,Debit Card,Posted
TXN000405,2023-03-07,04:04,Macys,Shopping,127.18,Cash,Posted
TXN000812,2023-03-07,10:12,Spotify,Subscriptions,5.84,Digital Wallet,Posted
TXN000933,2023-03-09,20:24,Whole Foods,Groceries,108.51,Digital Wallet,Posted
TXN000044,2023-03-10,06:53,Chevron,Gas,65.91,Debit Card,Posted
TXN000837,2023-03-11,08:57,Public Transit,Transportation,42.23,Credit Card,Posted
TXN000027,2023-03-12,07:38,Starbucks,Restaurants,16.32,Digital Wallet,Posted
TXN000479,2023-03-12,06:54,Public Transit,Transportation,23.09,Cash,Posted
TXN000571,2023-03-12,16:40,Costco,Groceries,55.47,Digital Wallet,Posted
TXN000904,2023-03-12,17:01,Target,Shopping,38.72,Debit Card,Posted
TXN000435,2023-03-14,00:53,Exxon,Gas,41.01,Credit Card,Posted
TXN000967,2023-03-14,10:14,Trader Joes,Groceries,139.74,Cash,Posted
TXN000007,2023-03-15,16:36,Microsoft 365,Subscriptions,25.55,Cash,Posted
TXN000206,2023-03-15,21:46,BP,Gas,36.31,Cash,Pending
TXN000368,2023-03-16,01:22,Macys,Shopping,64.55,Digital Wallet,Posted
TXN000557,2023-03-16,20:12,Walmart,Groceries,96.09,Digital Wallet,Posted
TXN000899,2023-03-16,19:12,Whole Foods,Groceries,122.98,Cash,Posted
TXN000934,2023-03-16,13:06,Exxon,Gas,65.36,Debit Card,Posted
TXN000818,2023-03-17,15:00,Best Buy,Shopping,158.04,Debit Card,Posted
TXN000061,2023-03-18,21:44,Nike,Shopping,175.0,Cash,Posted
TXN000879,2023-03-19,11:58,Starbucks,Restaurants,69.98,Cash,Posted
TXN000260,2023-03-20,08:26,Microsoft 365,Subscriptions,14.9,Debit Card,Posted
TXN000474,2023-03-20,08:41,Subway,Restaurants,61.95,Credit Card,Posted
TXN000630,2023-03-20,17:33,Whole Foods,Groceries,142.07,Digital Wallet,Posted
TXN000876,2023-03-23,13:20,Netflix,Entertainment,23.63,Credit Card,Posted
TXN000463,2023-03-24,00:18,Chevron,Gas,48.82,Debit Card,Posted
TXN000449,2023-03-25,03:58,Walmart,Groceries,24.07,Digital Wallet,Posted
TXN000720,2023-03-25,14:14,Target,Shopping,282.54,Digital Wallet,Posted
TXN000954,2023-03-25,01:18,Internet Provider,Utilities,85.63,Digital Wallet,Posted
TXN000071,2023-03-26,06:26,Marathon,Gas,53.17,Cash,Posted
TXN000823,2023-03-26,05:49,Netflix,Entertainment,39.57,Debit Card,Posted
TXN000285,2023-03-27,19:47,Costco,Groceries,123.98,Digital Wallet,Pending
TXN000643,2023-03-28,23:32,Shell,Gas,47.83,Credit Card,Posted
TXN000795,2023-03-30,02:50,Spotify,Entertainment,92.91,Cash,Posted
TXN000009,2023-04-01,15:57,Property Management,Rent,929.23,Digital Wallet,Posted
TXN000506,2023-04-02,23:23,Walmart,Groceries,43.25,Cash,Posted
TXN000779,2023-04-02,03:38,Kroger,Groceries,137.28,Digital Wallet,Posted
TXN000946,2023-04-05,18:13,Water Dept,Utilities,148.4,Credit Card,Posted
TXN000990,2023-04-05,00:34,Costco,Groceries,62.61,Debit Card,Posted
TXN000203,2023-04-08,16:24,Gas Company,Utilities,154.89,Cash,Posted
TXN000402,2023-04-10,21:16,Shell,Gas,42.6,Cash,Posted
TXN000406,2023-04-10,10:41,Walmart,Groceries,140.89,Digital Wallet,Posted
TXN000576,2023-04-10,15:34,Amazon Prime,Entertainment,68.14,Debit Card,Posted
TXN000467,2023-04-12,23:08,Trader Joes,Groceries,50.61,Cash,Posted
TXN000813,2023-04-12,14:16,Public Transit,Transportation,13.0,Digital Wallet,Posted
TXN000253,2023-04-13,05:45,Chevron,Gas,51.62,Cash,Posted
TXN000458,2023-04-13,15:34,Kroger,Groceries,136.79,Digital Wallet,Posted
TXN000691,2023-04-13,06:19,Costco,Groceries,27.09,Cash,Pending
TXN000875,2023-04-15,16:14,Amazon,Shopping,66.82,Cash,Posted
TXN000378,2023-04-16,11:34,Spotify,Entertainment,97.81,Debit Card,Posted
TXN000497,2023-04-16,03:30,Public Transit,Transportation,6.96,Digital Wallet,Posted
TXN000657,2023-04-17,08:15,Panera,Restaurants,59.31,Credit Card,Posted
TXN000834,2023-04-17,08:00,McDonalds,Restaurants,56.58,Cash,Posted
TXN000154,2023-04-18,18:34,Amazon Prime,Entertainment,19.01,Cash,Posted
TXN000615,2023-04-19,01:18,Subway,Restaurants,45.55,Digital Wallet,Posted
TXN000164,2023-04-20,17:54,Microsoft 365,Subscriptions,24.72,Debit Card,Posted
TXN000991,2023-04-20,22:27,Kroger,Groceries,38.41,Debit Card,Posted
TXN000445,2023-04-22,22:58,Kroger,Groceries,99.33,Debit Card,Posted
TXN000151,2023-04-23,19:11,Trader Joes,Groceries,40.28,Debit Card,Posted
TXN000446,2023-04-23,03:20,Kroger,Groceries,40.29,Digital Wallet,Posted
TXN000748,2023-04-23,05:37,CVS Pharmacy,Healthcare,202.55,Credit Card,Posted
TXN000682,2023-04-25,03:23,Macys,Shopping,288.57,Debit Card,Posted
TXN000440,2023-04-27,12:50,Shell,Gas,66.14,Credit Card,Posted
TXN000573,2023-04-27,07:38,Parking,Transportation,47.18,Credit Card,Posted
TXN000173,2023-04-28,20:48,Shell,Gas,57.74,Digital Wallet,Posted
TXN000869,2023-04-28,07:29,Amazon Prime,Entertainment,67.03,Credit Card,Pending
TXN000340,2023-04-29,05:29,Whole Foods,Groceries,69.0,Digital Wallet,Posted
TXN000856,2023-04-29,07:20,Trader Joes,Groceries,105.18,Credit Card,Posted
TXN000973,2023-04-29,13:24,Best Buy,Shopping,248.8,Credit Card,Posted
TXN000993,2023-04-29,08:33,Amazon,Shopping,135.22,Digital Wallet,Posted
TXN000016,2023-04-30,21:36,Kroger,Groceries,110.09,Cash,Posted
TXN000289,2023-04-30,05:14,Walgreens,Healthcare,203.06,Debit Card,Posted
TXN000815,2023-04-30,11:37,Chipotle,Restaurants,53.9,Cash,Posted
TXN000950,2023-05-03,13:46,Spotify,Subscriptions,28.55,Cash,Posted
TXN000908,2023-05-05,00:20,Costco,Groceries,89.3,Credit Card,Posted
TXN000692,2023-05-06,03:14,Uber,Transportation,22.99,Credit Card,Posted
TXN000655,2023-05-07,02:53,Parking,Transportation,12.19,Credit Card,Posted
TXN000770,2023-05-07,19:02,Gym Membership,Subscriptions,7.31,Credit Card,Posted
TXN000931,2023-05-08,13:17,Walmart,Groceries,137.15,Credit Card,Pending
TXN000956,2023-05-08,23:23,Gym Membership,Subscriptions,25.67,Debit Card,Posted
TXN000399,2023-05-10,23:54,Parking,Transportation,26.84,Credit Card,Posted
TXN000731,2023-05-10,01:51,Nike,Shopping,51.41,Credit Card,Posted
TXN000784,2023-05-14,09:40,AMC Theaters,Entertainment,26.77,Digital Wallet,Posted
TXN000517,2023-05-15,22:04,Public Transit,Transportation,16.18,Debit Card,Posted
TXN000647,2023-05-15,03:59,Costco,Groceries,31.93,Debit Card,Posted
TXN000776,2023-05-15,17:32,Dentist Office,Healthcare,118.04,Credit Card,Posted
TXN000078,2023-05-17,18:09,Internet Provider,Utilities,112.37,Debit Card,Posted
TXN000984,2023-05-18,06:31,Netflix,Entertainment,71.0,Debit Card,Posted
TXN000219,2023-05-19,02:26,Starbucks,Restaurants,67.21,Credit Card,Posted
TXN000729,2023-05-19,19:09,Gas Company,Utilities,100.48,Cash,Pending
TXN000641,2023-05-20,15:03,Marathon,Gas,59.23,Digital Wallet,Posted
TXN000174,2023-05-21,06:02,Macys,Shopping,254.68,Credit Card,Posted
TXN000267,2023-05-21,20:29,Kroger,Groceries,48.36,Debit Card,Posted
TXN000746,2023-05-21,19:41,Subway,Restaurants,32.01,Digital Wallet,Posted
TXN000858,2023-05-21,01:48,Kroger,Groceries,121.28,Digital Wallet,Posted
TXN000976,2023-05-21,12:09,Lyft,Transportation,21.97,Digital Wallet,Posted
TXN000512,2023-05-23,13:50,Spotify,Entertainment,24.5,Debit Card,Posted
TXN000714,2023-05-23,15:39,Costco,Groceries,74.27,Debit Card,Posted
TXN000393,2023-05-24,21:48,Shell,Gas,62.41,Credit Card,Posted
TXN000122,2023-05-25,13:35,Macys,Shopping,184.85,Digital Wallet,Posted
TXN000426,2023-05-25,04:17,Whole Foods,Groceries,46.63,Cash,Posted
TXN000656,2023-05-26,08:42,Starbucks,Restaurants,61.61,Credit Card,Posted
TXN000066,2023-05-27,15:09,Subway,Restaurants,20.35,Cash,Posted
TXN000346,2023-05-27,13:43,Microsoft 365,Subscriptions,15.41,Digital Wallet,Posted
TXN000604,2023-05-27,14:17,Parking,Transportation,22.75,Credit Card,Posted
TXN000825,2023-05-29,06:27,Macys,Shopping,127.25,Cash,Posted
TXN000732,2023-05-30,23:49,Walmart,Groceries,47.28,Debit Card,Posted
TXN000935,2023-05-30,01:24,Target,Shopping,137.54,Digital Wallet,Posted
TXN000970,2023-05-30,15:24,Netflix,Entertainment,33.61,Credit Card,Posted
TXN000562,2023-06-01,23:41,Marathon,Gas,38.57,Cash,Pending
TXN000868,2023-06-01,08:10,Uber,Transportation,38.27,Cash,Posted
TXN000558,2023-06-02,02:09,Subway,Restaurants,29.15,Credit Card,Posted
TXN000249,2023-06-03,08:39,Target,Shopping,115.24,Cash,Posted
TXN000315,2023-06-03,16:06,AMC Theaters,Entertainment,37.53,Debit Card,Posted
TXN000232,2023-06-04,03:56,Dentist Office,Healthcare,30.03,Digital Wallet,Posted
TXN000762,2023-06-06,15:32,Water Dept,Utilities,60.32,Credit Card,Posted
TXN000988,2023-06-06,04:48,BP,Gas,59.58,Cash,Posted
TXN000941,2023-06-07,09:06,Chipotle,Restaurants,60.55,Debit Card,Posted
TXN000637,2023-06-08,04:14,Panera,Restaurants,74.05,Digital Wallet,Posted
TXN000300,2023-06-09,05:25,Spotify,Entertainment,58.14,Cash,Posted
TXN000668,2023-06-09,21:32,Exxon,Gas,37.03,Credit Card,Posted
TXN000096,2023-06-10,10:42,Kroger,Groceries,95.81,Credit Card,Posted
TXN000002,2023-06-11,19:11,Gas Company,Utilities,197.97,Debit Card,Posted
TXN000566,2023-06-11,12:01,Best Buy,Shopping,103.64,Cash,Posted
TXN000895,2023-06-11,22:34,Macys,Shopping,198.07,Digital Wallet,Posted
TXN000685,2023-06-14,17:49,Landlord,Rent,1537.26,Credit Card,Posted
TXN000362,2023-06-15,01:56,Uber,Transportation,7.79,Debit Card,Pending
TXN000185,2023-06-16,04:13,Subway,Restaurants,57.93,Cash,Posted
TXN000348,2023-06-17,14:16,Amazon Prime,Entertainment,87.12,Digital Wallet,Posted
TXN000727,2023-06-17,04:27,Amazon Prime,Entertainment,73.05,Cash,Posted
TXN000786,2023-06-18,01:29,Kroger,Groceries,77.42,Digital Wallet,Posted
TXN000513,2023-06-19,09:29,Netflix,Entertainment,63.1,Cash,Posted
TXN000817,2023-06-19,03:01,Landlord,Rent,1431.6,Debit Card,Posted
TXN000905,2023-06-19,06:42,Property Management,Rent,876.8,Debit Card,Posted
TXN000295,2023-06-20,00:46,Uber,Transportation,27.49,Cash,Posted
TXN000649,2023-06-21,10:41,Panera,Restaurants,69.48,Debit Card,Posted
TXN000723,2023-06-21,03:22,Panera,Restaurants,23.2,Debit Card,Posted
TXN000181,2023-06-22,19:12,Adobe,Subscriptions,20.14,Debit Card,Posted
TXN000376,2023-06-22,12:24,Property Management,Rent,1717.59,Debit Card,Posted
TXN000601,2023-06-22,19:02,Costco,Groceries,133.57,Digital Wallet,Posted
TXN000177,2023-06-24,22:33,CVS Pharmacy,Healthcare,489.23,Debit Card,Posted
TXN000450,2023-06-26,09:31,Subway,Restaurants,66.95,Digital Wallet,Posted
TXN000496,2023-06-26,20:14,Walmart,Groceries,72.37,Cash,Pending
TXN000309,2023-06-28,22:48,McDonalds,Restaurants,65.34,Debit Card,Posted
TXN000621,2023-06-29,22:59,Netflix,Subscriptions,10.44,Cash,Posted
TXN000017,2023-07-01,14:22,Macys,Shopping,187.71,Digital Wallet,Posted
TXN000291,2023-07-01,09:38,Kroger,Groceries,73.64,Cash,Posted
TXN000522,2023-07-01,06:39,Microsoft 365,Subscriptions,23.67,Credit Card,Posted
TXN000544,2023-07-01,12:07,BP,Gas,33.37,Debit Card,Posted
TXN000658,2023-07-02,03:41,Dentist Office,Healthcare,77.6,Credit Card,Posted
TXN000026,2023-07-03,15:04,Walgreens,Healthcare,407.6,Debit Card,Posted
TXN000186,2023-07-03,22:11,Water Dept,Utilities,86.38,Credit Card,Posted
TXN000040,2023-07-04,22:06,Landlord,Rent,889.91,Cash,Posted
TXN000903,2023-07-04,22:24,Macys,Shopping,296.73,Digital Wallet,Posted
TXN000157,2023-07-05,03:35,Chipotle,Restaurants,48.77,Credit Card,Posted
TXN000535,2023-07-06,09:54,Chipotle,Restaurants,78.83,Debit Card,Posted
TXN000029,2023-07-08,21:51,Netflix,Subscriptions,11.0,Debit Card,Posted
TXN000043,2023-07-08,03:44,Costco,Groceries,66.99,Digital Wallet,Posted
TXN000054,2023-07-09,06:46,Subway,Restaurants,39.33,Credit Card,Posted
TXN000318,2023-07-09,04:35,Medical Center,Healthcare,380.7,Digital Wallet,Posted
TXN000394,2023-07-09,04:43,Property Management,Rent,1730.29,Digital Wallet,Posted
TXN000053,2023-07-10,17:12,Trader Joes,Groceries,90.34,Debit Card,Posted
TXN000359,2023-07-11,10:09,Amazon,Shopping,28.78,Credit Card,Posted
TXN000421,2023-07-12,18:48,Trader Joes,Groceries,99.73,Digital Wallet,Posted
TXN000983,2023-07-12,06:10,Costco,Groceries,128.41,Credit Card,Posted
TXN000620,2023-07-13,10:26,Chevron,Gas,38.77,Credit Card,Posted
TXN000675,2023-07-14,23:44,Whole Foods,Groceries,110.1,Digital Wallet,Posted
TXN000898,2023-07-14,07:40,Netflix,Entertainment,46.34,Credit Card,Posted
TXN000068,2023-07-15,01:44,Lyft,Transportation,32.45,Credit Card,Posted
TXN000897,2023-07-15,02:33,Whole Foods,Groceries,140.17,Digital Wallet,Posted
TXN000919,2023-07-16,15:13,Walmart,Groceries,100.1,Digital Wallet,Posted
TXN000334,2023-07-17,05:03,Exxon,Gas,52.99,Digital Wallet,Posted
TXN000532,2023-07-19,12:28,McDonalds,Restaurants,33.37,Debit Card,Posted
TXN000669,2023-07-21,08:17,Walgreens,Healthcare,396.75,Credit Card,Posted
TXN000870,2023-07-21,00:20,Lyft,Transportation,34.25,Debit Card,Posted
TXN000974,2023-07-22,22:09,Shell,Gas,41.13,Credit Card,Posted
TXN000067,2023-07-23,06:07,Whole Foods,Groceries,122.47,Credit Card,Posted
TXN000932,2023-07-23,12:19,Walmart,Groceries,35.83,Digital Wallet,Posted
TXN000847,2023-07-24,03:09,Whole Foods,Groceries,131.87,Debit Card,Posted
TXN000372,2023-07-25,07:37,Costco,Groceries,142.75,Debit Card,Posted
TXN000680,2023-07-25,01:03,Trader Joes,Groceries,34.85,Debit Card,Posted
TXN000841,2023-07-25,03:30,Costco,Groceries,146.6,Cash,Posted
TXN000014,2023-07-26,08:37,AMC Theaters,Entertainment,55.15,Debit Card,Posted
TXN000862,2023-07-26,20:37,McDonalds,Restaurants,51.44,Cash,Posted
TXN000113,2023-07-28,22:29,Internet Provider,Utilities,180.49,Cash,Posted
TXN000198,2023-07-28,05:19,Netflix,Subscriptions,29.33,Debit Card,Posted
TXN000518,2023-07-28,02:10,Whole Foods,Groceries,108.71,Cash,Posted
TXN000853,2023-07-28,07:24,Walmart,Groceries,26.78,Credit Card,Posted
TXN000944,2023-07-30,13:29,Target,Shopping,46.18,Debit Card,Posted
TXN000526,2023-07-31,15:16,Nike,Shopping,273.4,Digital Wallet,Posted
TXN000462,2023-08-01,22:10,Nike,Shopping,182.2,Digital Wallet,Posted
TXN000443,2023-08-02,23:19,McDonalds,Restaurants,70.81,Digital Wallet,Posted
TXN000293,2023-08-03,23:56,Parking,Transportation,45.6,Digital Wallet,Posted
TXN000448,2023-08-04,14:08,Water Dept,Utilities,143.15,Credit Card,Posted
TXN000894,2023-08-04,03:15,Property Management,Rent,1795.82,Cash,Posted
TXN000907,2023-08-04,07:19,Kroger,Groceries,53.97,Digital Wallet,Posted
TXN000808,2023-08-05,04:55,Electric Company,Utilities,64.24,Cash,Posted
TXN000247,2023-08-06,07:50,Walmart,Groceries,118.89,Cash,Posted
TXN000851,2023-08-06,17:50,Best Buy,Shopping,211.15,Cash,Posted
TXN000948,2023-08-07,17:44,Subway,Restaurants,67.2,Digital Wallet,Posted
TXN000228,2023-08-09,09:00,Trader Joes,Groceries,52.88,Digital Wallet,Pending
TXN000929,2023-08-09,14:45,Subway,Restaurants,78.61,Cash,Posted
TXN000563,2023-08-10,18:00,Trader Joes,Groceries,149.36,Digital Wallet,Posted
TXN000063,2023-08-13,02:32,Chevron,Gas,39.53,Debit Card,Pending
TXN000148,2023-08-14,10:00,Chevron,Gas,33.39,Digital Wallet,Posted
TXN000273,2023-08-15,06:42,Shell,Gas,61.06,Credit Card,Posted
TXN000560,2023-08-15,23:06,Exxon,Gas,30.8,Cash,Posted
TXN000033,2023-08-16,20:48,Parking,Transportation,31.57,Credit Card,Posted
TXN000710,2023-08-16,04:52,AMC Theaters,Entertainment,47.51,Cash,Posted
TXN000310,2023-08-17,21:55,Whole Foods,Groceries,145.09,Credit Card,Posted
TXN000622,2023-08-18,21:37,Target,Shopping,147.08,Digital Wallet,Posted
TXN000412,2023-08-19,17:41,Subway,Restaurants,41.84,Digital Wallet,Posted
TXN000824,2023-08-19,19:37,Landlord,Rent,1536.63,Debit Card,Posted
TXN000555,2023-08-21,21:25,Amazon Prime,Entertainment,63.75,Digital Wallet,Posted
TXN000528,2023-08-23,03:19,Target,Shopping,154.43,Credit Card,Posted
TXN000321,2023-08-24,14:05,AMC Theaters,Entertainment,66.88,Debit Card,Posted
TXN000282,2023-08-25,04:14,Property Management,Rent,1151.61,Credit Card,Posted
TXN000167,2023-08-26,16:09,BP,Gas,52.49,Debit Card,Posted
TXN000561,2023-08-26,15:02,Starbucks,Restaurants,76.38,Cash,Posted
TXN000788,2023-08-26,16:15,Whole Foods,Groceries,95.03,Cash,Posted
TXN000453,2023-08-27,22:35,Parking,Transportation,48.36,Debit Card,Posted
TXN000519,2023-08-28,01:44,Gym Membership,Subscriptions,23.28,Debit Card,Posted
TXN000087,2023-08-29,08:03,Best Buy,Shopping,274.06,Debit Card,Posted
TXN000353,2023-08-30,19:45,Target,Shopping,249.21,Digital Wallet,Posted
TXN000613,2023-08-31,20:03,Panera,Restaurants,32.44,Digital Wallet,Posted
TXN000949,2023-08-31,03:24,Starbucks,Restaurants,59.62,Credit Card,Posted
TXN000800,2023-09-01,05:56,AMC Theaters,Entertainment,48.65,Credit Card,Posted
TXN000316,2023-09-02,00:06,Kroger,Groceries,111.75,Cash,Posted
TXN000093,2023-09-03,08:03,Spotify,Entertainment,32.76,Cash,Posted
TXN000917,2023-09-03,19:21,Target,Shopping,259.16,Cash,Posted
TXN000035,2023-09-04,00:46,Adobe,Subscriptions,6.31,Debit Card,Posted
TXN000297,2023-09-04,16:58,Costco,Groceries,132.39,Cash,Posted
TXN000652,2023-09-04,15:12,Panera,Restaurants,79.73,Cash,Posted
TXN000930,2023-09-04,08:46,Nike,Shopping,180.41,Debit Card,Posted
TXN000670,2023-09-05,16:38,Spotify,Subscriptions,15.05,Cash,Posted
TXN000188,2023-09-06,08:06,Macys,Shopping,211.1,Cash,Posted
TXN000527,2023-09-06,15:20,Landlord,Rent,844.31,Digital Wallet,Posted
TXN000716,2023-09-06,14:33,Costco,Groceries,108.19,Debit Card,Posted
TXN000217,2023-09-07,19:55,Amazon,Shopping,214.37,Credit Card,Posted
TXN000163,2023-09-08,21:35,Amazon Prime,Entertainment,21.39,Credit Card,Posted
TXN000599,2023-09-08,08:14,Microsoft 365,Subscriptions,29.3,Cash,Posted
TXN000659,2023-09-08,20:15,Whole Foods,Groceries,116.86,Digital Wallet,Pending
TXN000830,2023-09-08,01:39,Kroger,Groceries,49.68,Cash,Posted
TXN000493,2023-09-09,12:22,Best Buy,Shopping,145.88,Cash,Posted
TXN000829,2023-09-09,10:17,Subway,Restaurants,25.83,Debit Card,Posted
TXN000648,2023-09-12,12:57,Best Buy,Shopping,59.38,Digital Wallet,Posted
TXN000945,2023-09-13,09:30,Target,Shopping,62.15,Cash,Posted
TXN000275,2023-09-15,08:37,Best Buy,Shopping,41.66,Digital Wallet,Posted
TXN000312,2023-09-15,11:56,Costco,Groceries,104.79,Debit Card,Posted
TXN000301,2023-09-17,16:43,Subway,Restaurants,48.51,Digital Wallet,Posted
TXN000521,2023-09-17,08:33,Macys,Shopping,71.84,Credit Card,Posted
TXN000793,2023-09-18,10:26,Trader Joes,Groceries,126.34,Cash,Posted
TXN000882,2023-09-18,12:12,McDonalds,Restaurants,74.15,Digital Wallet,Posted
TXN000433,2023-09-19,06:22,Uber,Transportation,22.65,Cash,Posted
TXN000495,2023-09-19,06:27,Starbucks,Restaurants,73.09,Cash,Posted
TXN000843,2023-09-19,21:54,Whole Foods,Groceries,139.62,Credit Card,Posted
TXN000556,2023-09-20,21:47,Amazon,Shopping,26.8,Credit Card,Posted
TXN000590,2023-09-20,13:52,Amazon,Shopping,114.69,Credit Card,Posted
TXN000666,2023-09-20,14:33,Subway,Restaurants,58.86,Credit Card,Posted
TXN000674,2023-09-20,20:46,Lyft,Transportation,17.97,Debit Card,Posted
TXN000360,2023-09-22,11:45,Starbucks,Restaurants,75.46,Digital Wallet,Posted
TXN000922,2023-09-22,23:14,Whole Foods,Groceries,60.33,Cash,Posted
TXN000313,2023-09-23,21:48,Costco,Groceries,58.7,Digital Wallet,Posted
TXN000529,2023-09-24,04:09,Adobe,Subscriptions,15.66,Cash,Posted
TXN000700,2023-09-24,21:39,Whole Foods,Groceries,83.01,Debit Card,Posted
TXN000730,2023-09-24,17:08,Landlord,Rent,1159.94,Digital Wallet,Posted
TXN000120,2023-09-26,05:21,Medical Center,Healthcare,483.41,Cash,Posted
TXN000272,2023-09-26,04:35,BP,Gas,53.39,Credit Card,Posted
TXN000721,2023-09-26,08:52,Adobe,Subscriptions,26.78,Credit Card,Posted
TXN000918,2023-09-26,17:18,Kroger,Groceries,104.37,Cash,Posted
TXN000476,2023-09-27,00:45,AMC Theaters,Entertainment,82.79,Digital Wallet,Pending
TXN000478,2023-09-28,16:04,Amazon,Shopping,25.11,Cash,Posted
TXN000507,2023-09-28,00:33,Lyft,Transportation,6.79,Credit Card,Posted
TXN000379,2023-09-29,08:56,Exxon,Gas,50.44,Cash,Posted
TXN000650,2023-09-29,09:03,AMC Theaters,Entertainment,13.81,Cash,Posted
TXN000184,2023-10-01,13:19,Kroger,Groceries,84.59,Cash,Posted
TXN000102,2023-10-02,14:25,Chevron,Gas,62.49,Cash,Posted
TXN000371,2023-10-02,02:43,McDonalds,Restaurants,24.87,Credit Card,Pending
TXN000386,2023-10-02,03:44,McDonalds,Restaurants,34.77,Debit Card,Posted
TXN000178,2023-10-03,21:43,Walmart,Groceries,79.0,Cash,Posted
TXN000343,2023-10-03,20:30,Gym Membership,Subscriptions,25.82,Cash,Posted
TXN000994,2023-10-03,06:49,Spotify,Entertainment,37.42,Credit Card,Posted
TXN000577,2023-10-04,16:29,Parking,Transportation,30.07,Credit Card,Posted
TXN000998,2023-10-04,09:53,Lyft,Transportation,48.66,Cash,Posted
TXN000459,2023-10-05,00:37,Macys,Shopping,114.25,Debit Card,Posted
TXN000422,2023-10-06,11:36,Parking,Transportation,6.2,Cash,Posted
TXN000190,2023-10-07,22:50,Walgreens,Healthcare,353.61,Credit Card,Posted
TXN000980,2023-10-08,07:06,Amazon Prime,Entertainment,72.89,Cash,Posted
TXN000231,2023-10-09,12:59,Netflix,Subscriptions,28.61,Digital Wallet,Posted
TXN000005,2023-10-10,04:48,Subway,Restaurants,55.59,Digital Wallet,Posted
TXN000457,2023-10-10,00:14,Amazon,Shopping,288.67,Debit Card,Posted
TXN000391,2023-10-12,09:32,Netflix,Subscriptions,15.48,Credit Card,Posted
TXN000281,2023-10-13,12:45,Best Buy,Shopping,207.94,Debit Card,Posted
TXN000339,2023-10-13,12:01,Target,Shopping,226.8,Cash,Posted
TXN000623,2023-10-13,16:01,Netflix,Entertainment,36.85,Digital Wallet,Posted
TXN000966,2023-10-14,12:34,BP,Gas,39.29,Debit Card,Posted
TXN000370,2023-10-15,06:29,CVS Pharmacy,Healthcare,293.8,Debit Card,Posted
TXN000389,2023-10-15,03:59,Gym Membership,Subscriptions,20.06,Credit Card,Posted
TXN000523,2023-10-15,00:47,Adobe,Subscriptions,26.91,Debit Card,Posted
TXN000871,2023-10-15,13:24,Gas Company,Utilities,131.73,Debit Card,Posted
TXN000996,2023-10-15,22:28,Netflix,Entertainment,47.2,Digital Wallet,Pending
TXN000179,2023-10-18,09:01,Property Management,Rent,870.88,Debit Card,Posted
TXN000575,2023-10-18,12:48,Subway,Restaurants,46.75,Cash,Posted
TXN000042,2023-10-20,02:23,Starbucks,Restaurants,37.4,Debit Card,Posted
TXN000326,2023-10-20,14:10,Panera,Restaurants,50.08,Cash,Posted
TXN000606,2023-10-22,20:56,Gym Membership,Subscriptions,8.26,Cash,Posted
TXN000744,2023-10-22,04:31,Lyft,Transportation,11.57,Cash,Posted
TXN000292,2023-10-24,23:23,Gas Company,Utilities,192.07,Digital Wallet,Posted
TXN000424,2023-10-24,00:13,Nike,Shopping,222.14,Debit Card,Posted
TXN000835,2023-10-24,03:18,AMC Theaters,Entertainment,43.03,Debit Card,Posted
TXN000317,2023-10-25,23:41,Internet Provider,Utilities,172.68,Digital Wallet,Pending
TXN000171,2023-10-26,23:32,Gas Company,Utilities,105.25,Digital Wallet,Posted
TXN000516,2023-10-26,18:02,Gym Membership,Subscriptions,22.84,Debit Card,Pending
TXN000909,2023-10-26,05:36,Medical Center,Healthcare,209.09,Debit Card,Posted
TXN000032,2023-10-27,04:40,Kroger,Groceries,75.59,Digital Wallet,Posted
TXN000350,2023-10-28,17:41,Walmart,Groceries,131.4,Digital Wallet,Posted
TXN000636,2023-10-28,09:58,Starbucks,Restaurants,79.39,Cash,Posted
TXN000741,2023-10-28,07:16,Panera,Restaurants,60.53,Credit Card,Posted
TXN000750,2023-10-28,07:39,Starbucks,Restaurants,24.43,Cash,Posted
TXN000147,2023-10-30,08:31,Medical Center,Healthcare,290.93,Debit Card,Posted
TXN000415,2023-10-30,22:59,Macys,Shopping,121.55,Cash,Posted
TXN000807,2023-10-30,19:08,Medical Center,Healthcare,296.24,Cash,Posted
TXN000105,2023-10-31,10:23,Costco,Groceries,61.09,Cash,Posted
TXN000844,2023-10-31,00:33,BP,Gas,69.79,Cash,Posted
TXN000738,2023-11-01,22:35,AMC Theaters,Entertainment,43.59,Debit Card,Posted
TXN000220,2023-11-02,20:49,Lyft,Transportation,49.71,Digital Wallet,Posted
TXN000465,2023-11-02,03:36,BP,Gas,64.65,Cash,Posted
TXN000646,2023-11-02,04:05,Marathon,Gas,55.79,Cash,Pending
TXN000012,2023-11-03,19:14,Subway,Restaurants,51.28,Digital Wallet,Posted
TXN000957,2023-11-03,14:39,Kroger,Groceries,74.84,Credit Card,Pending
TXN000936,2023-11-04,11:22,Uber,Transportation,29.73,Digital Wallet,Posted
TXN000025,2023-11-05,21:25,Netflix,Subscriptions,15.61,Debit Card,Posted
TXN000114,2023-11-06,16:48,Chipotle,Restaurants,46.46,Debit Card,Posted
TXN000212,2023-11-06,22:47,Spotify,Entertainment,68.26,Credit Card,Posted
TXN000383,2023-11-06,08:37,Best Buy,Shopping,145.37,Credit Card,Posted
TXN000607,2023-11-06,16:29,Amazon Prime,Entertainment,95.13,Debit Card,Posted
TXN000175,2023-11-07,09:19,Starbucks,Restaurants,60.6,Digital Wallet,Posted
TXN000199,2023-11-07,19:00,Exxon,Gas,69.83,Digital Wallet,Posted
TXN000204,2023-11-07,01:11,BP,Gas,47.39,Cash,Posted
TXN000711,2023-11-07,15:40,Subway,Restaurants,53.82,Debit Card,Posted
TXN000602,2023-11-08,19:17,Property Management,Rent,1706.55,Digital Wallet,Posted
TXN000614,2023-11-08,23:36,McDonalds,Restaurants,42.51,Cash,Posted
TXN000202,2023-11-10,17:03,Electric Company,Utilities,67.29,Digital Wallet,Posted
TXN000814,2023-11-10,08:26,Walmart,Groceries,144.28,Credit Card,Posted
TXN000494,2023-11-11,11:48,Chipotle,Restaurants,65.62,Cash,Posted
TXN000481,2023-11-13,03:17,BP,Gas,68.22,Digital Wallet,Posted
TXN000737,2023-11-13,12:08,Walmart,Groceries,145.47,Digital Wallet,Posted
TXN000754,2023-11-13,04:16,Whole Foods,Groceries,77.57,Digital Wallet,Posted
TXN000508,2023-11-14,00:14,Walgreens,Healthcare,205.67,Digital Wallet,Posted
TXN000574,2023-11-18,19:28,Netflix,Subscriptions,18.37,Digital Wallet,Posted
TXN000581,2023-11-18,12:56,Amazon,Shopping,104.91,Debit Card,Posted
TXN000709,2023-11-18,23:32,Spotify,Entertainment,60.15,Debit Card,Posted
TXN000050,2023-11-19,06:31,Marathon,Gas,47.41,Digital Wallet,Pending
TXN000101,2023-11-20,23:56,Best Buy,Shopping,291.91,Digital Wallet,Posted
TXN000133,2023-11-21,23:57,Target,Shopping,243.91,Credit Card,Posted
TXN000195,2023-11-21,21:43,Exxon,Gas,55.0,Credit Card,Posted
TXN000268,2023-11-21,00:45,Kroger,Groceries,90.41,Debit Card,Posted
TXN000439,2023-11-21,20:19,Kroger,Groceries,88.89,Digital Wallet,Posted
TXN000335,2023-11-22,00:32,Subway,Restaurants,60.45,Credit Card,Pending
TXN000430,2023-11-22,02:59,Amazon Prime,Entertainment,88.1,Digital Wallet,Posted
TXN000134,2023-11-23,05:26,Best Buy,Shopping,161.34,Debit Card,Posted
TXN000013,2023-11-24,07:31,Electric Company,Utilities,144.59,Credit Card,Posted
TXN000090,2023-11-24,04:17,Subway,Restaurants,70.48,Digital Wallet,Posted
TXN000183,2023-11-24,17:49,Shell,Gas,49.74,Debit Card,Posted
TXN000749,2023-11-24,19:06,Amazon,Shopping,160.13,Digital Wallet,Posted
TXN000103,2023-11-25,08:55,McDonalds,Restaurants,58.39,Debit Card,Posted
TXN000305,2023-11-26,21:27,Costco,Groceries,71.78,Cash,Posted
TXN000245,2023-11-27,15:41,Property Management,Rent,1309.94,Cash,Posted
TXN000290,2023-11-27,22:09,Shell,Gas,51.45,Debit Card,Posted
TXN000596,2023-11-27,22:04,Whole Foods,Groceries,53.38,Digital Wallet,Posted
TXN000689,2023-11-27,11:30,Nike,Shopping,219.2,Debit Card,Posted
TXN000791,2023-11-27,23:06,Property Management,Rent,1647.48,Debit Card,Posted
TXN000001,2023-11-28,10:43,Whole Foods,Groceries,55.08,Cash,Posted
TXN000697,2023-11-28,11:44,Whole Foods,Groceries,84.18,Cash,Posted
TXN000191,2023-11-30,19:32,McDonalds,Restaurants,23.39,Debit Card,Pending
TXN000502,2023-11-30,17:21,McDonalds,Restaurants,63.52,Cash,Pending
TXN000778,2023-11-30,03:36,Uber,Transportation,23.94,Digital Wallet,Posted
TXN000311,2023-12-01,06:28,Netflix,Subscriptions,10.55,Debit Card,Posted
TXN000384,2023-12-01,08:05,Dentist Office,Healthcare,55.06,Cash,Posted
TXN000472,2023-12-02,02:52,Chipotle,Restaurants,58.79,Cash,Posted
TXN000798,2023-12-02,00:34,Electric Company,Utilities,79.64,Debit Card,Posted
TXN000128,2023-12-03,16:10,Public Transit,Transportation,18.77,Credit Card,Posted
TXN000403,2023-12-03,23:47,Spotify,Entertainment,62.91,Digital Wallet,Posted
TXN000583,2023-12-05,13:20,Trader Joes,Groceries,121.39,Digital Wallet,Pending
TXN000963,2023-12-06,07:02,Walmart,Groceries,42.76,Credit Card,Pending
TXN000743,2023-12-07,16:02,Macys,Shopping,193.22,Digital Wallet,Posted
TXN000911,2023-12-09,01:35,Parking,Transportation,38.33,Debit Card,Posted
TXN000600,2023-12-10,00:18,Target,Shopping,239.0,Digital Wallet,Posted
TXN000356,2023-12-12,12:10,Landlord,Rent,1468.36,Debit Card,Posted
TXN000514,2023-12-14,15:37,Netflix,Entertainment,23.56,Digital Wallet,Posted
TXN000782,2023-12-14,23:55,Lyft,Transportation,6.71,Cash,Posted
TXN000995,2023-12-15,05:00,Spotify,Entertainment,47.09,Credit Card,Posted
TXN000509,2023-12-16,05:16,Whole Foods,Groceries,38.93,Digital Wallet,Posted
TXN000836,2023-12-16,01:34,Costco,Groceries,108.73,Debit Card,Posted
TXN000028,2023-12-17,14:51,Amazon Prime,Entertainment,29.63,Cash,Posted
TXN000303,2023-12-17,16:12,Chipotle,Restaurants,19.37,Credit Card,Posted
TXN000617,2023-12-17,14:01,Spotify,Entertainment,29.61,Digital Wallet,Posted
TXN000683,2023-12-17,17:07,Trader Joes,Groceries,71.83,Cash,Posted
TXN000819,2023-12-17,05:10,BP,Gas,51.72,Cash,Posted
TXN000961,2023-12-19,23:26,Chipotle,Restaurants,50.75,Credit Card,Posted
TXN000878,2023-12-20,00:51,Netflix,Entertainment,44.43,Debit Card,Posted
TXN000419,2023-12-21,23:23,Landlord,Rent,1416.72,Debit Card,Posted
TXN000886,2023-12-21,10:23,McDonalds,Restaurants,26.26,Debit Card,Posted
TXN000960,2023-12-22,02:13,Chipotle,Restaurants,61.26,Cash,Posted
TXN000208,2023-12-23,02:56,Landlord,Rent,1453.71,Digital Wallet,Posted
TXN000753,2023-12-23,07:30,Best Buy,Shopping,49.54,Credit Card,Posted
TXN000328,2023-12-24,16:04,Chevron,Gas,63.59,Digital Wallet,Posted
TXN000810,2023-12-24,04:59,CVS Pharmacy,Healthcare,93.57,Digital Wallet,Posted
TXN000112,2023-12-25,04:09,Landlord,Rent,1398.83,Credit Card,Posted
TXN000170,2023-12-25,19:25,Netflix,Entertainment,86.35,Debit Card,Posted
TXN000320,2023-12-25,10:11,Shell,Gas,68.89,Digital Wallet,Posted
TXN000873,2023-12-25,21:05,Shell,Gas,56.58,Digital Wallet,Posted
TXN000999,2023-12-25,20:29,McDonalds,Restaurants,71.4,Digital Wallet,Posted
TXN000046,2023-12-26,16:39,Walmart,Groceries,118.92,Debit Card,Posted
TXN000916,2023-12-26,06:53,Macys,Shopping,284.98,Debit Card,Posted
TXN000045,2023-12-28,08:53,Netflix,Entertainment,30.54,Credit Card,Posted
TXN000633,2023-12-29,16:55,Best Buy,Shopping,261.92,Cash,Posted
TXN000211,2023-12-30,08:11,Parking,Transportation,8.79,Credit Card,Posted
TXN000688,2023-12-30,06:57,Subway,Restaurants,60.28,Debit Card,Posted
TXN000107,2023-12-31,17:14,Netflix,Subscriptions,25.82,Credit Card,Posted
TXN000327,2023-12-31,03:31,Target,Shopping,271.81,Cash,Posted
TXN000559,2023-12-31,00:07,Lyft,Transportation,9.71,Cash,Posted
TXN000672,2023-12-31,05:40,Amazon,Shopping,92.68,Digital Wallet,Posted
TXN000034,2024-01-01,00:32,Lyft,Transportation,41.38,Digital Wallet,Posted
TXN000041,2024-01-01,19:02,Internet Provider,Utilities,151.96,Digital Wallet,Posted
TXN000663,2024-01-03,15:20,Starbucks,Restaurants,36.23,Cash,Posted
TXN000694,2024-01-03,16:46,BP,Gas,35.84,Debit Card,Posted
TXN000880,2024-01-04,10:55,Microsoft 365,Subscriptions,9.01,Cash,Posted
TXN000530,2024-01-05,19:54,Subway,Restaurants,51.79,Digital Wallet,Posted
TXN000240,2024-01-06,04:24,Starbucks,Restaurants,47.25,Digital Wallet,Posted
TXN000065,2024-01-07,02:44,Spotify,Subscriptions,26.33,Debit Card,Posted
TXN000132,2024-01-08,04:41,McDonalds,Restaurants,61.62,Credit Card,Posted
TXN000256,2024-01-10,17:21,Internet Provider,Utilities,126.82,Digital Wallet,Posted
TXN000773,2024-01-10,03:54,Water Dept,Utilities,133.02,Digital Wallet,Posted
TXN000110,2024-01-11,03:51,Kroger,Groceries,91.48,Cash,Posted
TXN000591,2024-01-11,13:55,Water Dept,Utilities,106.19,Credit Card,Posted
TXN000981,2024-01-11,07:44,Macys,Shopping,26.47,Debit Card,Posted
TXN000286,2024-01-12,03:52,Walgreens,Healthcare,460.66,Cash,Posted
TXN000089,2024-01-13,16:08,Gas Company,Utilities,60.19,Cash,Posted
TXN000628,2024-01-13,14:12,Public Transit,Transportation,20.98,Debit Card,Posted
TXN000492,2024-01-14,15:41,Netflix,Subscriptions,6.34,Cash,Posted
TXN000938,2024-01-14,08:27,Dentist Office,Healthcare,149.85,Debit Card,Posted
TXN000073,2024-01-15,18:25,Subway,Restaurants,31.91,Cash,Posted
TXN000490,2024-01-15,00:31,Property Management,Rent,1546.28,Cash,Posted
TXN000927,2024-01-15,06:12,Walmart,Groceries,62.96,Cash,Posted
TXN000982,2024-01-16,18:00,Property Management,Rent,915.69,Credit Card,Posted
TXN000572,2024-01-19,21:33,Chevron,Gas,36.44,Debit Card,Posted
TXN000288,2024-01-20,04:51,Subway,Restaurants,78.5,Digital Wallet,Pending
TXN000664,2024-01-20,08:47,Landlord,Rent,888.3,Digital Wallet,Posted
TXN000168,2024-01-21,10:46,Electric Company,Utilities,100.44,Credit Card,Posted
TXN000816,2024-01-21,10:57,Chevron,Gas,54.29,Digital Wallet,Posted
TXN000252,2024-01-22,04:48,Best Buy,Shopping,212.19,Cash,Posted
TXN000564,2024-01-22,14:53,Kroger,Groceries,149.09,Credit Card,Posted
TXN000915,2024-01-22,03:46,Chipotle,Restaurants,31.52,Credit Card,Posted
TXN000592,2024-01-24,23:15,Whole Foods,Groceries,36.34,Cash,Posted
TXN000953,2024-01-24,13:24,Lyft,Transportation,30.89,Cash,Posted
TXN000380,2024-01-25,19:20,AMC Theaters,Entertainment,17.07,Credit Card,Posted
TXN000962,2024-01-26,08:37,Kroger,Groceries,102.47,Digital Wallet,Posted
TXN000969,2024-01-26,01:53,Medical Center,Healthcare,58.66,Credit Card,Posted
TXN000209,2024-01-27,06:54,AMC Theaters,Entertainment,84.1,Debit Card,Posted
TXN000483,2024-01-27,21:49,Internet Provider,Utilities,145.44,Debit Card,Posted
TXN000611,2024-01-27,12:36,Shell,Gas,53.34,Debit Card,Pending
TXN000839,2024-01-27,22:00,Dentist Office,Healthcare,357.61,Digital Wallet,Posted
TXN000136,2024-01-29,21:34,Landlord,Rent,1846.35,Debit Card,Posted
TXN000070,2024-01-30,04:38,Chipotle,Restaurants,77.83,Debit Card,Posted
TXN000095,2024-01-30,02:37,Walmart,Groceries,103.48,Digital Wallet,Posted
TXN000487,2024-01-30,06:51,Spotify,Subscriptions,16.28,Debit Card,Posted
TXN000979,2024-01-30,00:56,Nike,Shopping,121.47,Credit Card,Posted
TXN000618,2024-01-31,13:33,Starbucks,Restaurants,77.24,Credit Card,Posted
TXN000939,2024-02-01,00:37,Starbucks,Restaurants,39.92,Credit Card,Posted
TXN000248,2024-02-02,08:10,Kroger,Groceries,72.68,Cash,Posted
TXN000499,2024-02-02,03:00,Kroger,Groceries,32.38,Credit Card,Posted
TXN000587,2024-02-02,17:21,Target,Shopping,210.83,Digital Wallet,Posted
TXN000049,2024-02-05,19:49,Starbucks,Restaurants,71.37,Credit Card,Posted
TXN000319,2024-02-05,18:43,Electric Company,Utilities,159.37,Digital Wallet,Posted
TXN000977,2024-02-05,11:58,Electric Company,Utilities,60.65,Debit Card,Posted
TXN000124,2024-02-06,17:09,Whole Foods,Groceries,121.85,Credit Card,Posted
TXN000077,2024-02-07,06:43,Subway,Restaurants,45.6,Digital Wallet,Posted
TXN000801,2024-02-07,20:19,Lyft,Transportation,12.56,Credit Card,Posted
TXN000866,2024-02-07,04:57,Panera,Restaurants,64.26,Cash,Posted
TXN000008,2024-02-08,08:40,Subway,Restaurants,72.67,Debit Card,Posted
TXN000585,2024-02-09,14:21,Nike,Shopping,227.28,Cash,Posted
TXN000693,2024-02-09,16:06,Marathon,Gas,59.2,Digital Wallet,Posted
TXN000579,2024-02-10,16:28,Amazon Prime,Entertainment,19.84,Credit Card,Posted
TXN000768,2024-02-10,14:37,Marathon,Gas,60.89,Credit Card,Posted
TXN000874,2024-02-10,11:07,Spotify,Entertainment,48.86,Debit Card,Posted
TXN000428,2024-02-11,19:28,Trader Joes,Groceries,123.57,Debit Card,Posted
TXN000504,2024-02-11,00:56,Property Management,Rent,925.64,Cash,Posted
TXN000947,2024-02-11,09:24,Panera,Restaurants,21.04,Debit Card,Posted
TXN000098,2024-02-12,15:41,AMC Theaters,Entertainment,96.74,Credit Card,Pending
TXN000152,2024-02-13,00:58,Marathon,Gas,65.8,Credit Card,Pending
TXN000804,2024-02-14,08:44,Panera,Restaurants,39.17,Credit Card,Posted
TXN000357,2024-02-15,02:53,Walmart,Groceries,62.4,Credit Card,Posted
TXN000706,2024-02-16,11:17,Shell,Gas,36.04,Cash,Pending
TXN000336,2024-02-17,20:04,Target,Shopping,103.96,Debit Card,Posted
TXN000466,2024-02-18,13:23,Medical Center,Healthcare,199.61,Credit Card,Posted
TXN000329,2024-02-21,15:34,Subway,Restaurants,36.98,Credit Card,Posted
TXN000704,2024-02-23,02:10,Parking,Transportation,34.01,Cash,Posted
TXN000755,2024-02-24,05:45,Water Dept,Utilities,185.82,Digital Wallet,Posted
TXN000330,2024-02-25,23:37,Trader Joes,Groceries,32.29,Cash,Posted
TXN000361,2024-02-25,08:45,Subway,Restaurants,63.49,Cash,Posted
TXN000845,2024-02-25,20:50,Subway,Restaurants,65.69,Debit Card,Posted
TXN000985,2024-02-25,10:59,Walmart,Groceries,93.14,Cash,Posted
TXN000707,2024-02-26,09:59,Adobe,Subscriptions,24.63,Cash,Posted
TXN000978,2024-02-26,21:22,Exxon,Gas,44.11,Digital Wallet,Posted
TXN000022,2024-02-27,14:09,Exxon,Gas,31.38,Credit Card,Posted
TXN000239,2024-02-27,00:16,Public Transit,Transportation,26.82,Digital Wallet,Posted
TXN000377,2024-02-27,15:16,Nike,Shopping,66.58,Credit Card,Posted
TXN000653,2024-02-27,20:31,Parking,Transportation,28.91,Credit Card,Posted
TXN000363,2024-02-29,01:04,McDonalds,Restaurants,70.24,Debit Card,Posted
TXN000299,2024-03-01,20:11,Chevron,Gas,55.17,Credit Card,Posted
TXN000624,2024-03-01,18:28,Amazon Prime,Entertainment,74.93,Debit Card,Posted
TXN000287,2024-03-02,08:34,Macys,Shopping,65.78,Digital Wallet,Posted
TXN000747,2024-03-02,22:08,Nike,Shopping,78.93,Digital Wallet,Posted
TXN000224,2024-03-04,15:18,Best Buy,Shopping,35.23,Credit Card,Posted
TXN000864,2024-03-04,00:03,Starbucks,Restaurants,64.6,Digital Wallet,Posted
TXN000951,2024-03-04,19:33,Lyft,Transportation,41.27,Digital Wallet,Posted
TXN000971,2024-03-04,18:00,Walmart,Groceries,32.1,Debit Card,Posted
TXN000036,2024-03-06,01:45,Kroger,Groceries,135.26,Credit Card,Posted
TXN000515,2024-03-06,06:37,Spotify,Subscriptions,26.49,Cash,Posted
TXN000872,2024-03-06,15:32,Amazon Prime,Entertainment,14.33,Credit Card,Posted
TXN000238,2024-03-07,05:44,Amazon,Shopping,142.05,Digital Wallet,Posted
TXN000325,2024-03-07,20:50,Lyft,Transportation,48.44,Cash,Posted
TXN000742,2024-03-07,16:00,Lyft,Transportation,45.31,Cash,Posted
TXN000401,2024-03-08,14:50,Walmart,Groceries,89.88,Debit Card,Posted
TXN000797,2024-03-08,15:22,Best Buy,Shopping,244.56,Debit Card,Posted
TXN000625,2024-03-09,00:06,Panera,Restaurants,48.68,Digital Wallet,Posted
TXN000486,2024-03-10,16:07,Adobe,Subscriptions,6.17,Debit Card,Posted
TXN000552,2024-03-10,06:04,Panera,Restaurants,42.99,Cash,Posted
TXN000752,2024-03-11,02:39,Kroger,Groceries,41.87,Credit Card,Posted
TXN000501,2024-03-12,14:39,Chevron,Gas,60.65,Digital Wallet,Posted
TXN000160,2024-03-13,11:44,Dentist Office,Healthcare,81.76,Debit Card,Posted
TXN000021,2024-03-14,01:40,Adobe,Subscriptions,11.74,Debit Card,Posted
TXN000488,2024-03-14,21:59,BP,Gas,32.73,Credit Card,Posted
TXN000280,2024-03-15,00:20,Walgreens,Healthcare,91.39,Credit Card,Posted
TXN000831,2024-03-15,03:46,Spotify,Subscriptions,18.07,Cash,Posted
TXN000441,2024-03-16,23:56,CVS Pharmacy,Healthcare,270.05,Digital Wallet,Posted
TXN000455,2024-03-16,23:42,Public Transit,Transportation,44.65,Digital Wallet,Posted
TXN000246,2024-03-18,14:41,Exxon,Gas,35.51,Debit Card,Posted
TXN000366,2024-03-19,00:23,Parking,Transportation,34.56,Cash,Posted
TXN000703,2024-03-19,02:45,Nike,Shopping,197.98,Debit Card,Posted
TXN000180,2024-03-20,11:24,Chevron,Gas,34.79,Cash,Posted
TXN000790,2024-03-21,02:06,Adobe,Subscriptions,26.96,Credit Card,Posted
TXN000166,2024-03-22,06:19,Electric Company,Utilities,141.91,Cash,Posted
TXN000396,2024-03-22,14:06,Chipotle,Restaurants,41.09,Digital Wallet,Posted
TXN000696,2024-03-22,09:47,Kroger,Groceries,42.77,Credit Card,Posted
TXN000924,2024-03-23,23:53,Netflix,Entertainment,24.79,Cash,Posted
TXN000534,2024-03-24,13:36,Starbucks,Restaurants,71.76,Debit Card,Posted
TXN000832,2024-03-24,01:59,McDonalds,Restaurants,63.83,Digital Wallet,Posted
TXN000896,2024-03-24,00:20,Netflix,Subscriptions,29.79,Cash,Posted
TXN000989,2024-03-26,14:06,Dentist Office,Healthcare,46.79,Debit Card,Posted
TXN000210,2024-03-28,20:58,Netflix,Entertainment,82.24,Debit Card,Posted
TXN000140,2024-03-31,15:14,Chipotle,Restaurants,26.18,Credit Card,Posted
TXN000308,2024-03-31,21:00,Trader Joes,Groceries,49.92,Cash,Posted
TXN000887,2024-03-31,18:20,Uber,Transportation,45.16,Digital Wallet,Posted
TXN000411,2024-04-02,09:57,Uber,Transportation,29.43,Digital Wallet,Posted
TXN000525,2024-04-02,07:48,Marathon,Gas,59.35,Digital Wallet,Posted
TXN000127,2024-04-04,16:54,Internet Provider,Utilities,132.96,Credit Card,Posted
TXN000423,2024-04-04,18:25,Landlord,Rent,1831.48,Digital Wallet,Posted
TXN000838,2024-04-04,10:12,Marathon,Gas,30.1,Debit Card,Posted
TXN000216,2024-04-05,12:45,Landlord,Rent,1727.76,Credit Card,Pending
TXN000344,2024-04-05,19:29,Netflix,Entertainment,69.33,Digital Wallet,Posted
TXN000588,2024-04-05,06:25,Dentist Office,Healthcare,354.72,Cash,Pending
TXN000777,2024-04-05,13:56,Amazon,Shopping,297.59,Cash,Pending
TXN000928,2024-04-08,06:39,Uber,Transportation,27.34,Credit Card,Posted
TXN000533,2024-04-09,01:51,Landlord,Rent,1521.99,Debit Card,Posted
TXN000912,2024-04-11,14:31,Spotify,Subscriptions,25.16,Digital Wallet,Posted
TXN000079,2024-04-13,10:38,Macys,Shopping,187.02,Cash,Posted
TXN000632,2024-04-14,10:06,Trader Joes,Groceries,106.97,Credit Card,Posted
TXN000038,2024-04-15,16:57,Spotify,Entertainment,26.75,Digital Wallet,Posted
TXN000382,2024-04-16,06:38,Lyft,Transportation,16.53,Cash,Posted
TXN000644,2024-04-17,19:09,Medical Center,Healthcare,104.94,Debit Card,Posted
TXN000661,2024-04-18,09:41,Target,Shopping,199.56,Credit Card,Posted
TXN000728,2024-04-18,06:41,Public Transit,Transportation,17.38,Cash,Posted
TXN000473,2024-04-19,19:12,Walmart,Groceries,34.28,Digital Wallet,Posted
TXN000759,2024-04-19,16:27,Starbucks,Restaurants,49.75,Credit Card,Posted
TXN000469,2024-04-20,05:05,Amazon,Shopping,74.35,Digital Wallet,Posted
TXN000792,2024-04-20,15:16,Landlord,Rent,827.33,Debit Card,Posted
TXN000809,2024-04-20,06:27,Spotify,Entertainment,19.91,Digital Wallet,Posted
TXN000298,2024-04-21,04:39,Spotify,Entertainment,22.16,Cash,Posted
TXN000531,2024-04-21,12:32,AMC Theaters,Entertainment,81.4,Credit Card,Posted
TXN000169,2024-04-23,19:45,Microsoft 365,Subscriptions,7.34,Credit Card,Posted
TXN000197,2024-04-23,13:01,Spotify,Subscriptions,13.5,Debit Card,Posted
TXN000258,2024-04-23,00:36,BP,Gas,60.09,Debit Card,Posted
TXN000155,2024-04-24,03:04,Spotify,Entertainment,78.54,Cash,Posted
TXN000638,2024-04-24,19:30,McDonalds,Restaurants,55.36,Credit Card,Posted
TXN000943,2024-04-24,22:26,Whole Foods,Groceries,103.5,Credit Card,Posted
TXN000048,2024-04-26,07:41,Chipotle,Restaurants,73.88,Cash,Posted
TXN000214,2024-04-26,09:02,Netflix,Entertainment,43.96,Debit Card,Posted
TXN000080,2024-04-27,16:11,Panera,Restaurants,20.56,Debit Card,Posted
TXN000244,2024-04-27,16:50,Chipotle,Restaurants,79.45,Debit Card,Posted
TXN000023,2024-04-28,23:35,Whole Foods,Groceries,135.22,Credit Card,Posted
TXN000338,2024-04-28,01:13,Trader Joes,Groceries,141.52,Credit Card,Posted
TXN000425,2024-04-28,21:31,Chipotle,Restaurants,42.07,Debit Card,Pending
TXN000452,2024-04-29,10:38,Dentist Office,Healthcare,408.21,Digital Wallet,Posted
TXN000456,2024-04-29,21:07,Dentist Office,Healthcare,108.86,Cash,Posted
TXN000715,2024-04-29,23:03,Panera,Restaurants,61.7,Digital Wallet,Posted
TXN000850,2024-04-29,07:19,Shell,Gas,58.63,Credit Card,Posted
TXN000543,2024-04-30,16:26,Costco,Groceries,139.22,Cash,Posted
TXN000964,2024-04-30,11:57,Landlord,Rent,1606.45,Credit Card,Posted
TXN000242,2024-05-02,17:10,Subway,Restaurants,50.54,Cash,Posted
TXN000373,2024-05-02,18:27,Macys,Shopping,259.56,Debit Card,Posted
TXN000374,2024-05-02,00:15,Chevron,Gas,34.03,Debit Card,Posted
TXN000413,2024-05-02,14:10,Best Buy,Shopping,60.56,Digital Wallet,Posted
TXN000708,2024-05-02,01:33,Kroger,Groceries,53.84,Debit Card,Posted
TXN000863,2024-05-03,05:44,Parking,Transportation,36.83,Cash,Posted
TXN000141,2024-05-05,02:05,McDonalds,Restaurants,41.17,Credit Card,Posted
TXN000230,2024-05-05,18:08,Starbucks,Restaurants,74.68,Credit Card,Posted
TXN000699,2024-05-05,15:04,McDonalds,Restaurants,61.63,Credit Card,Posted
TXN000885,2024-05-05,05:37,Dentist Office,Healthcare,137.22,Cash,Posted
TXN000251,2024-05-06,16:37,Best Buy,Shopping,112.11,Debit Card,Posted
TXN000485,2024-05-06,13:40,Subway,Restaurants,18.06,Digital Wallet,Posted
TXN000806,2024-05-06,15:07,Nike,Shopping,219.16,Cash,Posted
TXN000500,2024-05-07,19:19,Lyft,Transportation,16.96,Cash,Posted
TXN000056,2024-05-08,11:52,Microsoft 365,Subscriptions,27.71,Credit Card,Posted
TXN000116,2024-05-08,14:57,Whole Foods,Groceries,139.41,Cash,Posted
TXN000987,2024-05-08,13:54,Amazon,Shopping,83.12,Debit Card,Posted
TXN000255,2024-05-09,05:15,Best Buy,Shopping,31.2,Debit Card,Posted
TXN000598,2024-05-09,21:24,Subway,Restaurants,70.15,Digital Wallet,Posted
TXN000734,2024-05-09,19:44,Trader Joes,Groceries,113.73,Credit Card,Posted
TXN000477,2024-05-10,12:40,Dentist Office,Healthcare,205.35,Credit Card,Posted
TXN000086,2024-05-11,07:33,Dentist Office,Healthcare,224.03,Credit Card,Posted
TXN000264,2024-05-11,15:16,McDonalds,Restaurants,78.91,Debit Card,Pending
TXN000582,2024-05-11,22:00,Marathon,Gas,52.03,Debit Card,Posted
TXN000057,2024-05-12,06:25,Amazon,Shopping,261.64,Credit Card,Posted
TXN000331,2024-05-12,18:37,Spotify,Subscriptions,28.95,Credit Card,Posted
TXN000547,2024-05-12,11:29,Whole Foods,Groceries,123.52,Credit Card,Posted
TXN000074,2024-05-13,02:11,Amazon,Shopping,203.98,Cash,Posted
TXN000213,2024-05-13,03:02,Spotify,Subscriptions,10.42,Debit Card,Pending
TXN000427,2024-05-13,01:46,Whole Foods,Groceries,108.51,Credit Card,Posted
TXN000937,2024-05-13,21:41,Medical Center,Healthcare,199.04,Debit Card,Posted
TXN000051,2024-05-14,22:28,Chipotle,Restaurants,33.9,Digital Wallet,Pending
TXN000111,2024-05-14,16:52,Parking,Transportation,21.97,Debit Card,Posted
TXN000626,2024-05-14,10:20,Water Dept,Utilities,104.6,Debit Card,Posted
TXN000705,2024-05-15,04:26,Trader Joes,Groceries,81.76,Cash,Posted
TXN000367,2024-05-16,05:30,Subway,Restaurants,18.88,Cash,Posted
TXN000398,2024-05-16,11:30,Amazon Prime,Entertainment,19.65,Debit Card,Posted
TXN000150,2024-05-17,06:39,BP,Gas,38.57,Credit Card,Posted
TXN000679,2024-05-17,10:43,Amazon Prime,Entertainment,37.45,Credit Card,Posted
TXN000766,2024-05-17,01:39,Walmart,Groceries,46.14,Debit Card,Posted
TXN000117,2024-05-19,16:11,Whole Foods,Groceries,74.75,Debit Card,Posted
TXN000130,2024-05-19,17:26,Subway,Restaurants,19.55,Credit Card,Posted
TXN000143,2024-05-21,23:04,AMC Theaters,Entertainment,88.97,Debit Card,Posted
TXN000200,2024-05-21,15:52,CVS Pharmacy,Healthcare,162.57,Digital Wallet,Posted
TXN000081,2024-05-23,19:15,Macys,Shopping,115.44,Cash,Posted
TXN000261,2024-05-23,09:34,Macys,Shopping,188.35,Debit Card,Posted
TXN000489,2024-05-23,07:09,Best Buy,Shopping,167.98,Debit Card,Posted
TXN000654,2024-05-23,08:37,Chipotle,Restaurants,66.73,Cash,Posted
TXN000510,2024-05-24,13:12,Spotify,Subscriptions,18.8,Debit Card,Pending
TXN000536,2024-05-24,06:55,CVS Pharmacy,Healthcare,326.95,Debit Card,Posted
TXN000039,2024-05-25,10:51,Walgreens,Healthcare,88.09,Cash,Posted
TXN000131,2024-05-25,13:24,Whole Foods,Groceries,110.1,Cash,Posted
TXN000137,2024-05-26,08:19,Amazon,Shopping,269.74,Cash,Posted
TXN000144,2024-05-26,15:45,Chevron,Gas,68.32,Credit Card,Posted
TXN000952,2024-05-26,21:57,Subway,Restaurants,77.96,Debit Card,Posted
TXN000365,2024-05-27,08:25,Starbucks,Restaurants,64.58,Credit Card,Posted
TXN000594,2024-05-27,15:48,Spotify,Subscriptions,10.68,Digital Wallet,Posted
TXN000031,2024-05-31,07:43,Chipotle,Restaurants,63.52,Cash,Posted
TXN000165,2024-05-31,04:15,Macys,Shopping,192.17,Cash,Posted
TXN000283,2024-05-31,21:26,Spotify,Entertainment,52.01,Credit Card,Posted
TXN000677,2024-05-31,09:31,Spotify,Subscriptions,8.43,Credit Card,Posted
TXN000968,2024-05-31,20:51,BP,Gas,57.75,Debit Card,Posted
TXN000221,2024-06-01,18:14,Panera,Restaurants,62.97,Digital Wallet,Posted
TXN000891,2024-06-01,08:12,Walmart,Groceries,108.55,Credit Card,Posted
TXN000259,2024-06-02,22:05,Amazon Prime,Entertainment,53.42,Debit Card,Posted
TXN000352,2024-06-02,08:39,Parking,Transportation,19.93,Digital Wallet,Posted
TXN000387,2024-06-02,22:41,Gas Company,Utilities,144.28,Cash,Posted
TXN000627,2024-06-02,19:07,Netflix,Subscriptions,7.6,Digital Wallet,Posted
TXN000702,2024-06-02,23:01,BP,Gas,43.11,Credit Card,Posted
TXN000811,2024-06-03,07:05,Lyft,Transportation,36.12,Cash,Posted
TXN000241,2024-06-05,04:36,Walmart,Groceries,72.36,Digital Wallet,Posted
TXN000409,2024-06-05,18:42,Walgreens,Healthcare,321.75,Digital Wallet,Posted
TXN000686,2024-06-05,06:01,Subway,Restaurants,45.78,Credit Card,Posted
TXN000733,2024-06-05,11:04,Subway,Restaurants,25.55,Debit Card,Posted
TXN000586,2024-06-08,22:01,Exxon,Gas,66.73,Credit Card,Posted
TXN000395,2024-06-09,07:42,Uber,Transportation,41.99,Cash,Posted
TXN000855,2024-06-09,12:52,Medical Center,Healthcare,415.42,Cash,Posted
TXN000119,2024-06-10,23:09,Costco,Groceries,62.22,Digital Wallet,Posted
TXN000609,2024-06-10,02:06,Costco,Groceries,145.12,Credit Card,Posted
TXN000724,2024-06-10,10:01,Nike,Shopping,234.81,Cash,Posted
TXN000888,2024-06-10,07:50,Gym Membership,Subscriptions,18.7,Cash,Posted
TXN000539,2024-06-11,13:37,Costco,Groceries,23.98,Credit Card,Posted
TXN000740,2024-06-13,07:31,Uber,Transportation,6.48,Debit Card,Posted
TXN000306,2024-06-14,06:03,Walmart,Groceries,146.93,Cash,Posted
TXN000538,2024-06-15,06:54,Walgreens,Healthcare,35.98,Credit Card,Posted
TXN000304,2024-06-17,14:24,Kroger,Groceries,129.96,Digital Wallet,Posted
TXN000992,2024-06-17,21:28,Netflix,Subscriptions,12.59,Credit Card,Posted
TXN000059,2024-06-18,15:31,Target,Shopping,283.0,Cash,Posted
TXN000802,2024-06-18,21:04,Macys,Shopping,221.51,Cash,Posted
TXN000437,2024-06-21,13:23,Walmart,Groceries,54.9,Debit Card,Posted
TXN000822,2024-06-21,12:08,AMC Theaters,Entertainment,47.03,Credit Card,Posted
TXN000848,2024-06-21,20:54,CVS Pharmacy,Healthcare,403.17,Digital Wallet,Posted
TXN000192,2024-06-23,08:31,Microsoft 365,Subscriptions,26.52,Digital Wallet,Posted
TXN000491,2024-06-23,22:33,Internet Provider,Utilities,158.02,Debit Card,Posted
TXN000225,2024-06-24,15:02,Uber,Transportation,46.57,Cash,Posted
TXN000484,2024-06-25,10:29,Nike,Shopping,239.08,Credit Card,Posted
TXN000271,2024-06-26,03:31,Costco,Groceries,141.42,Digital Wallet,Posted
TXN000541,2024-06-26,18:52,Target,Shopping,184.51,Credit Card,Posted
TXN000803,2024-06-26,09:51,Gas Company,Utilities,108.09,Debit Card,Posted
TXN000342,2024-06-27,09:08,Trader Joes,Groceries,50.98,Credit Card,Posted
TXN000055,2024-06-28,20:31,Microsoft 365,Subscriptions,28.25,Cash,Posted
TXN000553,2024-06-28,11:47,Macys,Shopping,86.65,Credit Card,Posted
TXN000302,2024-06-29,21:03,McDonalds,Restaurants,27.83,Debit Card,Posted
TXN000757,2024-06-30,17:46,Walmart,Groceries,93.63,Digital Wallet,Posted
TXN000052,2024-07-01,23:46,Costco,Groceries,57.22,Digital Wallet,Posted
TXN000540,2024-07-01,16:53,Subway,Restaurants,28.94,Digital Wallet,Posted
TXN000589,2024-07-01,16:25,Netflix,Entertainment,53.48,Debit Card,Posted
TXN000156,2024-07-02,17:53,Microsoft 365,Subscriptions,27.18,Digital Wallet,Posted
TXN000713,2024-07-05,13:26,Macys,Shopping,287.61,Digital Wallet,Posted
TXN000842,2024-07-05,15:38,Costco,Groceries,130.1,Credit Card,Posted
TXN000011,2024-07-06,19:00,Amazon Prime,Entertainment,10.31,Cash,Posted
TXN000269,2024-07-06,06:13,Microsoft 365,Subscriptions,16.87,Digital Wallet,Posted
TXN000037,2024-07-07,21:40,Chevron,Gas,36.01,Digital Wallet,Posted
TXN000333,2024-07-07,23:24,Chevron,Gas,44.14,Digital Wallet,Posted
TXN000859,2024-07-08,12:10,BP,Gas,36.15,Cash,Posted
TXN000381,2024-07-10,09:40,Subway,Restaurants,51.14,Credit Card,Posted
TXN000701,2024-07-10,00:47,Target,Shopping,190.26,Credit Card,Posted
TXN000698,2024-07-11,21:04,Walmart,Groceries,92.69,Digital Wallet,Posted
TXN000233,2024-07-12,01:03,Walgreens,Healthcare,264.57,Debit Card,Posted
TXN000337,2024-07-13,23:21,Netflix,Entertainment,47.07,Debit Card,Posted
TXN000584,2024-07-13,23:05,Uber,Transportation,39.16,Digital Wallet,Posted
TXN000355,2024-07-14,00:31,Starbucks,Restaurants,49.92,Credit Card,Posted
TXN000828,2024-07-14,05:52,Starbucks,Restaurants,77.37,Digital Wallet,Posted
TXN000388,2024-07-15,11:55,Amazon Prime,Entertainment,57.73,Debit Card,Posted
TXN000902,2024-07-15,17:16,Landlord,Rent,1110.48,Cash,Posted
TXN000145,2024-07-17,09:51,Macys,Shopping,151.76,Digital Wallet,Posted
TXN000369,2024-07-17,23:58,Whole Foods,Groceries,54.36,Debit Card,Posted
TXN000827,2024-07-19,22:57,Amazon,Shopping,32.6,Digital Wallet,Posted
TXN000060,2024-07-20,04:55,Microsoft 365,Subscriptions,15.97,Cash,Posted
TXN000084,2024-07-22,09:43,Microsoft 365,Subscriptions,23.84,Cash,Posted
TXN000549,2024-07-22,20:40,Exxon,Gas,38.56,Credit Card,Posted
TXN000392,2024-07-23,09:52,Netflix,Entertainment,29.21,Credit Card,Posted
TXN000925,2024-07-24,07:58,Walmart,Groceries,96.64,Cash,Posted
TXN000082,2024-07-25,02:59,Target,Shopping,204.88,Cash,Posted
TXN000236,2024-07-25,19:35,Costco,Groceries,103.23,Digital Wallet,Posted
TXN000429,2024-07-26,00:24,Whole Foods,Groceries,38.05,Debit Card,Posted
TXN000673,2024-07-27,02:49,Macys,Shopping,110.28,Cash,Posted
TXN000867,2024-07-27,20:35,Whole Foods,Groceries,23.46,Digital Wallet,Posted
TXN000322,2024-07-28,05:30,Microsoft 365,Subscriptions,13.66,Credit Card,Posted
TXN000454,2024-07-28,12:17,AMC Theaters,Entertainment,58.96,Digital Wallet,Posted
TXN000250,2024-07-29,23:42,Exxon,Gas,53.72,Digital Wallet,Posted
TXN000121,2024-07-30,03:03,Exxon,Gas,51.57,Cash,Posted
TXN000349,2024-07-30,10:43,Trader Joes,Groceries,146.5,Digital Wallet,Posted
TXN000610,2024-07-30,15:18,Nike,Shopping,35.69,Cash,Posted
TXN000860,2024-07-30,07:22,Walmart,Groceries,69.11,Credit Card,Posted
TXN000554,2024-08-01,14:36,Macys,Shopping,239.52,Credit Card,Posted
TXN000667,2024-08-01,01:44,Walmart,Groceries,128.93,Credit Card,Posted
TXN000385,2024-08-02,06:28,Whole Foods,Groceries,119.31,Debit Card,Posted
TXN000852,2024-08-05,14:17,McDonalds,Restaurants,23.95,Credit Card,Posted
TXN000341,2024-08-06,06:42,Amazon Prime,Entertainment,62.09,Credit Card,Posted
TXN000438,2024-08-06,18:21,Whole Foods,Groceries,79.7,Debit Card,Posted
TXN000083,2024-08-07,02:37,Marathon,Gas,63.86,Debit Card,Posted
TXN000745,2024-08-08,10:30,Whole Foods,Groceries,72.47,Debit Card,Posted
TXN000099,2024-08-11,12:10,Spotify,Entertainment,13.75,Credit Card,Posted
TXN000418,2024-08-11,22:21,Property Management,Rent,1928.49,Digital Wallet,Pending
TXN000404,2024-08-12,18:42,Target,Shopping,102.16,Cash,Posted
TXN000676,2024-08-12,22:49,Kroger,Groceries,133.69,Digital Wallet,Posted
TXN000690,2024-08-12,04:58,Netflix,Entertainment,46.13,Digital Wallet,Posted
TXN000756,2024-08-12,02:33,Marathon,Gas,68.7,Credit Card,Posted
TXN000470,2024-08-13,20:11,Target,Shopping,74.99,Cash,Posted
TXN000550,2024-08-13,07:26,Amazon,Shopping,210.75,Cash,Posted
TXN000125,2024-08-14,01:27,Spotify,Entertainment,75.23,Cash,Posted
TXN000085,2024-08-15,22:46,Dentist Office,Healthcare,129.43,Credit Card,Posted
TXN000088,2024-08-15,03:55,Whole Foods,Groceries,38.5,Cash,Posted
TXN000410,2024-08-15,07:26,AMC Theaters,Entertainment,89.75,Digital Wallet,Posted
TXN000109,2024-08-16,08:43,Costco,Groceries,63.82,Digital Wallet,Posted
TXN000162,2024-08-16,06:14,Microsoft 365,Subscriptions,8.79,Credit Card,Posted
TXN000645,2024-08-17,17:54,Chipotle,Restaurants,17.79,Digital Wallet,Posted
TXN000407,2024-08-18,07:25,Nike,Shopping,281.2,Digital Wallet,Posted
TXN000417,2024-08-18,19:08,Target,Shopping,94.4,Digital Wallet,Posted
TXN000619,2024-08-18,22:15,Walmart,Groceries,84.15,Credit Card,Posted
TXN000608,2024-08-19,21:21,Trader Joes,Groceries,118.79,Digital Wallet,Posted
TXN000772,2024-08-19,19:14,CVS Pharmacy,Healthcare,449.35,Cash,Posted
TXN000257,2024-08-20,18:37,Target,Shopping,264.08,Debit Card,Posted
TXN000482,2024-08-20,05:53,Panera,Restaurants,29.8,Cash,Posted
TXN001000,2024-08-20,14:57,Spotify,Subscriptions,13.62,Digital Wallet,Posted
TXN000764,2024-08-21,10:15,Best Buy,Shopping,126.16,Cash,Posted
TXN000629,2024-08-23,03:22,Netflix,Subscriptions,7.97,Digital Wallet,Posted
TXN000687,2024-08-25,06:49,Spotify,Entertainment,39.09,Credit Card,Posted
TXN000726,2024-08-25,18:57,Netflix,Entertainment,34.92,Cash,Posted
TXN000635,2024-08-26,09:11,Whole Foods,Groceries,96.28,Digital Wallet,Posted
TXN000024,2024-08-27,13:41,Amazon,Shopping,124.1,Debit Card,Posted
TXN000735,2024-08-28,15:21,Macys,Shopping,39.25,Digital Wallet,Posted
TXN000108,2024-08-29,08:57,Walmart,Groceries,112.35,Cash,Posted
TXN000471,2024-08-29,06:57,Subway,Restaurants,75.73,Debit Card,Posted
TXN000447,2024-08-30,01:40,Trader Joes,Groceries,116.83,Digital Wallet,Posted
TXN000159,2024-08-31,17:32,Spotify,Entertainment,50.06,Debit Card,Posted
TXN000189,2024-08-31,09:53,Property Management,Rent,1400.23,Cash,Posted
TXN000416,2024-08-31,06:00,Trader Joes,Groceries,126.69,Credit Card,Posted
TXN000524,2024-09-01,15:05,Chevron,Gas,49.59,Digital Wallet,Posted
TXN000567,2024-09-02,19:17,McDonalds,Restaurants,33.36,Cash,Posted
TXN000739,2024-09-02,10:37,BP,Gas,43.21,Cash,Pending
TXN000276,2024-09-03,22:10,Target,Shopping,198.21,Cash,Posted
TXN000665,2024-09-03,20:01,Panera,Restaurants,26.32,Cash,Posted
TXN000840,2024-09-03,10:55,Adobe,Subscriptions,28.13,Cash,Posted
TXN000605,2024-09-05,08:16,Amazon Prime,Entertainment,58.59,Credit Card,Posted
TXN000223,2024-09-08,08:44,Walmart,Groceries,65.74,Cash,Posted
TXN000751,2024-09-08,18:35,Landlord,Rent,1445.74,Credit Card,Posted
TXN000442,2024-09-09,22:22,Trader Joes,Groceries,137.05,Credit Card,Posted
TXN000570,2024-09-12,22:16,Gym Membership,Subscriptions,10.52,Credit Card,Posted
TXN000789,2024-09-12,14:10,CVS Pharmacy,Healthcare,348.9,Cash,Posted
TXN000218,2024-09-13,21:36,Costco,Groceries,127.93,Digital Wallet,Posted
TXN000397,2024-09-14,21:52,Subway,Restaurants,61.49,Digital Wallet,Posted
TXN000972,2024-09-14,12:05,Walmart,Groceries,25.34,Credit Card,Posted
TXN000138,2024-09-15,01:39,Costco,Groceries,121.21,Cash,Posted
TXN000332,2024-09-17,09:19,Public Transit,Transportation,44.46,Credit Card,Posted
TXN000129,2024-09-20,17:55,McDonalds,Restaurants,68.51,Debit Card,Posted
TXN000914,2024-09-20,11:39,Whole Foods,Groceries,125.26,Debit Card,Posted
TXN000861,2024-09-22,08:59,Netflix,Entertainment,59.37,Digital Wallet,Posted
TXN000097,2024-09-25,07:52,Chipotle,Restaurants,53.76,Digital Wallet,Posted
TXN000262,2024-09-26,10:04,Whole Foods,Groceries,84.34,Debit Card,Posted
TXN000854,2024-09-29,01:37,McDonalds,Restaurants,77.85,Debit Card,Posted
TXN000237,2024-09-30,10:08,Starbucks,Restaurants,78.92,Digital Wallet,Posted
TXN000940,2024-09-30,06:22,Kroger,Groceries,62.74,Cash,Posted
TXN000719,2024-10-01,23:39,Walgreens,Healthcare,221.31,Debit Card,Posted
TXN000857,2024-10-01,22:42,Spotify,Entertainment,63.44,Debit Card,Posted
TXN000229,2024-10-02,06:51,Property Management,Rent,1507.39,Debit Card,Posted
TXN000431,2024-10-03,08:22,Netflix,Entertainment,68.39,Digital Wallet,Posted
TXN000263,2024-10-04,01:24,Panera,Restaurants,32.36,Digital Wallet,Posted
TXN000314,2024-10-04,10:56,Kroger,Groceries,57.73,Debit Card,Posted
TXN000545,2024-10-05,19:08,Gas Company,Utilities,69.62,Debit Card,Posted
TXN000771,2024-10-06,03:53,Best Buy,Shopping,131.26,Credit Card,Posted
TXN000358,2024-10-07,22:51,Shell,Gas,42.47,Debit Card,Posted
TXN000375,2024-10-07,15:44,Nike,Shopping,182.18,Cash,Posted
TXN000123,2024-10-09,15:51,Best Buy,Shopping,184.99,Debit Card,Posted
TXN000503,2024-10-10,21:59,Netflix,Subscriptions,23.3,Digital Wallet,Posted
TXN000094,2024-10-14,03:20,AMC Theaters,Entertainment,76.37,Digital Wallet,Posted
TXN000725,2024-10-14,17:54,Internet Provider,Utilities,62.71,Cash,Posted
TXN000092,2024-10-16,13:19,Exxon,Gas,36.93,Credit Card,Posted
TXN000913,2024-10-16,08:21,Whole Foods,Groceries,108.27,Digital Wallet,Posted
TXN000460,2024-10-17,03:45,Uber,Transportation,48.6,Cash,Posted
TXN000243,2024-10-18,16:25,Best Buy,Shopping,124.53,Digital Wallet,Posted
TXN000717,2024-10-18,21:44,Parking,Transportation,29.3,Debit Card,Posted
TXN000161,2024-10-20,20:27,Lyft,Transportation,10.62,Digital Wallet,Posted
TXN000270,2024-10-21,17:52,Public Transit,Transportation,38.07,Credit Card,Posted
TXN000434,2024-10-21,22:55,Chevron,Gas,49.59,Credit Card,Posted
TXN000106,2024-10-22,09:45,Subway,Restaurants,65.13,Digital Wallet,Posted
TXN000207,2024-10-22,00:55,Spotify,Entertainment,78.6,Cash,Posted
TXN000631,2024-10-22,18:19,Uber,Transportation,48.16,Debit Card,Posted
TXN000634,2024-10-22,02:09,Walgreens,Healthcare,245.51,Digital Wallet,Posted
TXN000785,2024-10-22,16:15,Parking,Transportation,5.73,Digital Wallet,Posted
TXN000115,2024-10-23,12:54,Public Transit,Transportation,6.69,Cash,Posted
TXN000215,2024-10-23,00:03,Subway,Restaurants,33.69,Debit Card,Posted
TXN000498,2024-10-23,01:03,BP,Gas,41.74,Cash,Posted
TXN000684,2024-10-23,19:47,Trader Joes,Groceries,126.16,Credit Card,Posted
TXN000420,2024-10-24,20:53,Chipotle,Restaurants,64.61,Digital Wallet,Posted
TXN000651,2024-10-24,23:47,Trader Joes,Groceries,128.71,Digital Wallet,Posted
TXN000400,2024-10-25,02:28,Trader Joes,Groceries,142.37,Credit Card,Posted
TXN000820,2024-10-26,13:31,Target,Shopping,39.55,Credit Card,Posted
TXN000926,2024-10-26,08:37,Walmart,Groceries,106.59,Digital Wallet,Posted
TXN000172,2024-10-27,00:22,Netflix,Subscriptions,16.64,Digital Wallet,Posted
TXN000226,2024-10-27,05:20,Parking,Transportation,17.14,Debit Card,Posted
TXN000901,2024-10-29,00:30,Water Dept,Utilities,116.17,Digital Wallet,Posted
TXN000955,2024-10-29,20:17,Chipotle,Restaurants,75.04,Credit Card,Posted
TXN000775,2024-10-31,21:22,Panera,Restaurants,16.07,Cash,Posted
TXN000787,2024-10-31,02:30,Landlord,Rent,1678.68,Cash,Posted
TXN000865,2024-10-31,07:24,Walmart,Groceries,67.67,Cash,Posted
TXN000408,2024-11-01,23:09,Best Buy,Shopping,73.52,Digital Wallet,Posted
TXN000058,2024-11-02,00:13,Nike,Shopping,102.19,Cash,Pending
TXN000345,2024-11-04,18:40,Chipotle,Restaurants,29.57,Debit Card,Posted
TXN000883,2024-11-05,23:25,Kroger,Groceries,20.92,Digital Wallet,Posted
TXN000568,2024-11-06,17:26,Uber,Transportation,33.7,Cash,Posted
TXN000075,2024-11-07,17:54,Chipotle,Restaurants,71.38,Credit Card,Posted
TXN000761,2024-11-07,14:54,Starbucks,Restaurants,27.4,Credit Card,Posted
TXN000765,2024-11-07,06:54,CVS Pharmacy,Healthcare,443.19,Credit Card,Posted
TXN000118,2024-11-09,23:51,Costco,Groceries,141.21,Digital Wallet,Posted
TXN000758,2024-11-09,10:23,BP,Gas,37.64,Credit Card,Posted
TXN000846,2024-11-09,03:35,Nike,Shopping,295.52,Credit Card,Posted
TXN000072,2024-11-11,23:27,Spotify,Subscriptions,25.42,Cash,Posted
TXN000076,2024-11-11,00:51,Best Buy,Shopping,213.81,Credit Card,Posted
TXN000307,2024-11-11,10:54,Subway,Restaurants,21.21,Credit Card,Posted
TXN000889,2024-11-11,19:08,Chevron,Gas,51.03,Cash,Posted
TXN000565,2024-11-12,17:51,Panera,Restaurants,16.45,Cash,Posted
TXN000781,2024-11-13,17:06,Parking,Transportation,9.26,Debit Card,Posted
TXN000736,2024-11-14,20:14,McDonalds,Restaurants,41.17,Debit Card,Posted
TXN000997,2024-11-14,06:13,Whole Foods,Groceries,44.36,Cash,Posted
TXN000149,2024-11-15,19:33,Exxon,Gas,65.14,Digital Wallet,Posted
TXN000718,2024-11-15,09:39,Landlord,Rent,1928.22,Cash,Posted
TXN000182,2024-11-17,08:02,Walgreens,Healthcare,255.36,Cash,Posted
TXN000284,2024-11-17,06:25,Chipotle,Restaurants,71.37,Credit Card,Posted
TXN000354,2024-11-17,11:48,Costco,Groceries,63.68,Digital Wallet,Posted
TXN000780,2024-11-17,12:57,Netflix,Subscriptions,10.51,Cash,Pending
TXN000100,2024-11-18,16:47,Uber,Transportation,21.23,Debit Card,Posted
TXN000364,2024-11-18,06:59,Netflix,Entertainment,58.41,Cash,Posted
TXN000511,2024-11-19,11:56,Kroger,Groceries,21.52,Digital Wallet,Posted
TXN000942,2024-11-19,07:21,Amazon,Shopping,132.23,Credit Card,Posted
TXN000783,2024-11-20,17:57,Trader Joes,Groceries,36.68,Credit Card,Posted
TXN000910,2024-11-20,23:23,Starbucks,Restaurants,25.11,Cash,Posted
TXN000760,2024-11-22,20:36,Target,Shopping,186.78,Digital Wallet,Posted
TXN000805,2024-11-23,06:44,Microsoft 365,Subscriptions,17.37,Debit Card,Posted
TXN000958,2024-11-23,01:22,Kroger,Groceries,59.47,Cash,Pending
TXN000505,2024-11-25,23:59,Public Transit,Transportation,46.25,Debit Card,Posted
TXN000642,2024-11-25,10:45,Property Management,Rent,1206.88,Cash,Posted
TXN000464,2024-11-27,06:12,Property Management,Rent,1945.49,Debit Card,Posted
TXN000279,2024-11-28,13:14,Chevron,Gas,32.49,Cash,Posted
TXN000254,2024-11-30,12:49,Chevron,Gas,47.78,Digital Wallet,Posted
TXN000266,2024-11-30,19:49,Nike,Shopping,69.69,Cash,Posted
TXN000278,2024-11-30,15:35,Whole Foods,Groceries,127.39,Credit Card,Posted
TXN000975,2024-11-30,07:27,Best Buy,Shopping,118.42,Cash,Posted
TXN000767,2024-12-01,01:35,CVS Pharmacy,Healthcare,119.47,Debit Card,Posted
TXN000884,2024-12-01,13:25,Exxon,Gas,67.95,Digital Wallet,Pending
TXN000324,2024-12-03,14:26,Walgreens,Healthcare,64.56,Digital Wallet,Posted
TXN000712,2024-12-03,10:30,Walgreens,Healthcare,253.72,Credit Card,Posted
TXN000722,2024-12-04,03:31,Netflix,Entertainment,89.53,Cash,Posted
TXN000126,2024-12-05,10:27,Chevron,Gas,33.25,Digital Wallet,Posted
TXN000595,2024-12-05,22:37,Netflix,Entertainment,90.68,Cash,Posted
TXN000890,2024-12-06,01:56,BP,Gas,45.53,Cash,Posted
TXN000923,2024-12-06,19:35,Target,Shopping,126.57,Debit Card,Posted
TXN000135,2024-12-07,19:24,Netflix,Entertainment,65.12,Debit Card,Posted
TXN000205,2024-12-07,16:52,Shell,Gas,31.31,Digital Wallet,Posted
TXN000833,2024-12-07,23:02,Marathon,Gas,50.14,Debit Card,Pending
TXN000015,2024-12-09,13:36,Landlord,Rent,1513.19,Credit Card,Posted
TXN000153,2024-12-10,04:13,Macys,Shopping,222.32,Credit Card,Posted
TXN000235,2024-12-12,06:37,Starbucks,Restaurants,73.57,Debit Card,Posted
TXN000580,2024-12-12,01:01,Panera,Restaurants,74.54,Credit Card,Posted
TXN000849,2024-12-12,05:15,McDonalds,Restaurants,32.75,Digital Wallet,Posted
TXN000774,2024-12-13,16:01,Whole Foods,Groceries,85.74,Cash,Posted
